Instance name,Lower bound,Upper bound,Time,Optimal,Gap
ta30.txt,1334,1676,3600,0,0.204057
ta30.txt,0,0,0,1,0
ta25.txt,1349,1671,3600,0,0.192101
ta25.txt,0,0,0,1,0
ta26.txt,1350,1734,3600,0,0.221013
ta26.txt,0,0,0,1,0
ta22.txt,1344,1710,3600,0,0.21345
ta22.txt,0,0,0,1,0
ta23.txt,1315,1651,3600,0,0.203513
ta23.txt,0,0,0,1,0
ta27.txt,1384,1814,3600,0,0.237045
ta27.txt,0,0,0,1,0
ta29.txt,1410,1666,3600,0,0.153457
ta29.txt,0,0,0,1,0
ta18.txt,1057,1487,3600,0,0.289651
ta18.txt,0,0,0,1,0
