Instance name,Lower bound,Upper bound,Time,Optimal,Gap
ta30.txt,1309,1637,3600,0,0.200367
ta25.txt,1344,1630,3600,0,0.17546
ta26.txt,1440,1694,3600,0,0.149941
ta22.txt,1326,1708,3600,0,0.223653
ta23.txt,1331,1603,3600,0,0.169682
ta27.txt,1412,1722,3600,0,0.180023
ta29.txt,1356,1652,3600,0,0.179177
ta18.txt,1141,1473,3600,0,0.22539
