Instance name,Lower bound,Upper bound,Time,Optimal,Gap
jsp50_3_6.txt,72,129,300013,0,0.44186
jsp50_3_9.txt,73,129,300198,0,0.434109
jsp50_3_8.txt,71,128,300012,0,0.445312
jsp50_3_5.txt,72,130,300014,0,0.446154
jsp50_3_7.txt,76,137,300036,0,0.445255
jsp50_3_3.txt,72,129,300016,0,0.44186
jsp50_3_0.txt,71,130,300010,0,0.453846
jsp50_3_2.txt,69,125,300013,0,0.448
jsp50_3_1.txt,73,131,300151,0,0.442748
jsp50_3_4.txt,71,129,300123,0,0.449612
