Instance name,Lower bound,Upper bound,Time,Optimal,Gap
ta30.txt,1319,1683,3600,0,0.21628
ta25.txt,1330,1703,3600,0,0.219025
ta26.txt,1304,1691,3600,0,0.228859
ta22.txt,1306,1719,3600,0,0.240256
ta23.txt,1301,1617,3600,0,0.195424
ta27.txt,1412,1855,3600,0,0.238814
ta29.txt,1344,1677,3600,0,0.198569
ta18.txt,1027,1534,3600,0,0.330508
